43,The bite of a leech is painless due to its own __________,Anaesthetic,Anaesthetic,It Was The First Recognised Dinosaur To Be Named,Yodel,Microwave Oven,SCIENCE_AND_NATURE,2,"{""question_id"":701870,""invalid_context"":false,""spelling"":false,""invalid_choices"":true,""inappropriate_question"":false,""invalid_category"":false,""other"":false,""remark"":""choices could be\nshape of the mouth,\nvenom,\nparalysis effect""}",2024-07-17 08:43:10,2024-07-17 08:43:10
45,"It's what ""Nobody knows but Jesus""",Nobody knows the trouble I've seen,Nobody knows the trouble I've seen,Who's that yonder dressed red?,Who's that yonder dressed red?,"""Bless This House""",SPIRITUAL SONGS,2,"{""question_id"":170594,""invalid_context"":false,""spelling"":false,""invalid_choices"":true,""inappropriate_question"":false,""invalid_category"":false,""other"":false,""remark"":null}",2024-07-17 08:44:06,2024-07-17 08:44:06
52,In 1964 he was just a prince & a pretender to the Spanish throne,Juan Carlos,Juan Carlos,their ears,Gemini,Poverty,1964,2,"{""question_id"":128428,""invalid_context"":false,""spelling"":false,""invalid_choices"":true,""inappropriate_question"":false,""invalid_category"":false,""other"":false,""remark"":""choices\nprince john,\nharry,\ncharming,""}",2024-07-17 08:48:53,2024-07-17 08:48:53
55,"This Netflix series' theme song begins, ""The animals, the animals, trap trap trap till the cage is full""",Orange Is the New Black,Orange Is the New Black,Married... with Children,Rawhide,Orange Is the New Black,TV THEMES,2,"{""question_id"":157910,""invalid_context"":false,""spelling"":false,""invalid_choices"":true,""inappropriate_question"":false,""invalid_category"":false,""other"":false,""remark"":""two similar choices one could be.\ndeadpool,""}",2024-07-17 08:50:46,2024-07-17 08:50:46
56,"In the shower scene in ""Psycho"", it was curtains for this Janet Leigh character",Marion Crane,Marion Crane,caffeine,singing,Marion Crane,SHOWERS,2,"{""question_id"":327075,""invalid_context"":false,""spelling"":false,""invalid_choices"":false,""inappropriate_question"":true,""invalid_category"":false,""other"":false,""remark"":null}",2024-07-17 08:51:18,2024-07-17 08:51:18
61,"The stars on this country's flag represent states, 26 of them; unlike the USA's, its ""federal district"" gets its own 27th star",Brazil,Brazil,Brazil,Brazil,Brazil,FLAGS OF OUR HEMISPHERE,2,"{""question_id"":682363,""invalid_context"":false,""spelling"":false,""invalid_choices"":true,""inappropriate_question"":false,""invalid_category"":false,""other"":false,""remark"":""Egypt,\nSouth Africa,\nRussia""}",2024-07-17 08:53:14,2024-07-17 08:53:14
82,"To catch prey, chameleons can extend this to a distance nearly twice their body length",their tongue,their tongue,Madagascar,regeneration,their tongue,CHAMELEON,2,"{""question_id"":647822,""invalid_context"":false,""spelling"":false,""invalid_choices"":true,""inappropriate_question"":false,""invalid_category"":false,""other"":false,""remark"":""their tail,\ntheir arms,\ntheir neck""}",2024-07-17 09:03:50,2024-07-17 09:03:50
87,In the 1870s John M. Woodworth became the first person to hold this post now held by Dr. Joycelyn Elders,Surgeon General,Surgeon General,doctor of education,a podiatrist,Hippocrates,IS THERE A DOCTOR IN THE HOUSE?,2,"{""question_id"":279852,""invalid_context"":true,""spelling"":false,""invalid_choices"":false,""inappropriate_question"":false,""invalid_category"":false,""other"":false,""remark"":null}",2024-07-17 09:04:51,2024-07-17 09:04:51
88,This conqueror's third son was nicknamed Rufus because of his ruddy complexion,William,William,King Edward VIII,Charles II,King George VI,BRITISH ROYALTY,2,"{""question_id"":78692,""invalid_context"":false,""spelling"":false,""invalid_choices"":false,""inappropriate_question"":false,""invalid_category"":false,""other"":false,""remark"":null}",2024-07-17 09:04:54,2024-07-17 09:04:54
12,This city's minor league Bisons baseball team has been drawing more fans than some Major League clubs,Buffalo,Buffalo,Santa Fe,Sun City,"Tampa, Florida",U.S. CITIES,3,"{""question_id"":80881,""invalid_context"":true,""spelling"":false,""invalid_choices"":false,""inappropriate_question"":false,""invalid_category"":false,""other"":false,""remark"":null}",2024-07-17 08:17:29,2024-07-17 08:17:29
21,"Jane Austen's ""P and P""",Pride and Prejudice,Pride and Prejudice,Pride and Prejudice,Pride and Prejudice,The Sun Also Rises,ALL WE NEED IS A TITLE,3,"{""question_id"":548050,""invalid_context"":false,""spelling"":false,""invalid_choices"":true,""inappropriate_question"":false,""invalid_category"":false,""other"":false,""remark"":""Pride and Punishment,\nPride and Power,\nPower and Politics""}",2024-07-17 08:29:54,2024-07-17 08:29:54
24,Honshu volcano (4),Fuji,Fuji,flurry,a femme fatale,Fleming,"CROSSWORD CLUES ""F""",3,"{""question_id"":274089,""invalid_context"":true,""spelling"":false,""invalid_choices"":false,""inappropriate_question"":false,""invalid_category"":false,""other"":false,""remark"":null}",2024-07-17 08:31:41,2024-07-17 08:31:41
120,"This comes before ""Claudius"" & ""the Jury"" in literary works",I,I,E,U,E,"A, E, I, O, U",3,"{""question_id"":385658,""invalid_context"":true,""spelling"":false,""invalid_choices"":false,""inappropriate_question"":false,""invalid_category"":false,""other"":false,""remark"":null}",2024-07-17 09:18:57,2024-07-17 09:18:57
128,What country does the island of Mykonos belong to?,Greece,Greece,Salisbury,Devil,California,GEOGRAPHY,3,"{""question_id"":691529,""invalid_context"":false,""spelling"":false,""invalid_choices"":true,""inappropriate_question"":false,""invalid_category"":false,""other"":false,""remark"":""Salisbury,\nCanada,\nCalifornia""}",2024-07-17 09:22:14,2024-07-17 09:22:14
130,"Emergent: Now there's ""H.E. Turbo"" Tide, H.E. short for this type of washer",high-efficiency,high-efficiency,All,Dreft,the collar,THE DETERGENT SERIES,3,"{""question_id"":592477,""invalid_context"":true,""spelling"":false,""invalid_choices"":false,""inappropriate_question"":false,""invalid_category"":false,""other"":false,""remark"":null}",2024-07-17 09:22:56,2024-07-17 09:22:56
137,"""Over the Edge of the World"" charts this 16th century explorer's ""Terrifying Circumnavigation of the World""",Magellan,Magellan,the Big Bang,Sapiens,pearls,SUBTITLED NONFICTION,3,"{""question_id"":678284,""invalid_context"":true,""spelling"":false,""invalid_choices"":false,""inappropriate_question"":false,""invalid_category"":false,""other"":false,""remark"":null}",2024-07-17 09:25:52,2024-07-17 09:25:52
1,This Maine college was the alma mater of both Henry Wadsworth Longfellow & Nathaniel Hawthorne,Bowdoin College,Bowdoin College,Leif Ericson,Massachusetts,Massachusetts,THE MAINE EVENT,4,"{""question_id"":404411,""invalid_context"":true,""spelling"":false,""invalid_choices"":false,""inappropriate_question"":false,""invalid_category"":false,""other"":false,""remark"":null}",2024-07-17 08:12:38,2024-07-17 08:12:38
2,Helping us fight bankrupted this country & sent it into internal revolution,France,France,Bonhomme Richard,George Washington,Paul Revere,AMERICAN REVOLUTION,4,"{""question_id"":92217,""invalid_context"":false,""spelling"":false,""invalid_choices"":true,""inappropriate_question"":false,""invalid_category"":false,""other"":false,""remark"":null}",2024-07-17 08:12:55,2024-07-17 08:12:55
3,"In an unannounced December 1991 speech at Columbia Univ., this author said, ""Free speech is life itself""",Salman Rushdie,Salman Rushdie,Michael Jackson,Salman Rushdie,5,IN THE NEWS,4,"{""question_id"":137070,""invalid_context"":false,""spelling"":false,""invalid_choices"":true,""inappropriate_question"":false,""invalid_category"":false,""other"":false,""remark"":null}",2024-07-17 08:13:02,2024-07-17 08:13:02
4,"Flannery O'Connor was born in this city, Georgia's major seaport, in 1925",Savannah,Savannah,Thomas Hardy,(James) Barrie,Ibsen,AUTHORS' BIRTHPLACES,4,"{""question_id"":264436,""invalid_context"":false,""spelling"":false,""invalid_choices"":true,""inappropriate_question"":false,""invalid_category"":false,""other"":false,""remark"":null}",2024-07-17 08:13:25,2024-07-17 08:13:25
5,"According to its initials, you take the MCAT if you're pursuing a career in this",medicine,medicine,Saint Elizabeth Ann Seton,Duke,a Pell Grant,EDUCATION,4,"{""question_id"":59321,""invalid_context"":false,""spelling"":false,""invalid_choices"":true,""inappropriate_question"":false,""invalid_category"":false,""other"":false,""remark"":null}",2024-07-17 08:13:36,2024-07-17 08:13:36
6,"According to the book ""Harvesters"", in ancient Rome pigeon droppings were highly prized as this",fertilizer,fertilizer,plowing,fixation,a hog,FARMING,4,"{""question_id"":131525,""invalid_context"":true,""spelling"":false,""invalid_choices"":false,""inappropriate_question"":false,""invalid_category"":false,""other"":false,""remark"":null}",2024-07-17 08:14:22,2024-07-17 08:14:22
7,"In 1995 ""Streets Of"" this won Song of the Year, Best Rock Song, Best Male Rock Vocal & Best Song Written Specifically for Movies or TV",Philadelphia,Philadelphia,"""Rehab""","""Rehab""",Ed Sheeran,GRAMMY-WINNING SONGS,4,"{""question_id"":679278,""invalid_context"":false,""spelling"":false,""invalid_choices"":true,""inappropriate_question"":false,""invalid_category"":false,""other"":false,""remark"":null}",2024-07-17 08:15:24,2024-07-17 08:15:24
8,"Its restoration included adding an elevator & replacing the torch, & it had to be completed by July 4, 1986",the Statue of Liberty,the Statue of Liberty,"""Old Ironsides""","""Old Ironsides""",The Last Supper,NIP/TUCK,4,"{""question_id"":508321,""invalid_context"":false,""spelling"":false,""invalid_choices"":true,""inappropriate_question"":false,""invalid_category"":false,""other"":false,""remark"":null}",2024-07-17 08:15:53,2024-07-17 08:15:53
9,"The puma is also known as the catamount & this other ""c""at",the cougar,the cougar,a cheetah,the cougar,a cheetah,"""C"" AS IN CAT",4,"{""question_id"":664319,""invalid_context"":false,""spelling"":false,""invalid_choices"":true,""inappropriate_question"":false,""invalid_category"":false,""other"":false,""remark"":""The cougar,\nCheetah,\nDog,\nGoat,""}",2024-07-17 08:16:42,2024-07-17 08:16:42
10,"""The Day the Rope Broke"" is a famous book about an 1865 climbing accident on this peak",the Matterhorn,the Matterhorn,the Jungfrau,Heidi,tourism,THE ALPS,4,"{""question_id"":232158,""invalid_context"":false,""spelling"":false,""invalid_choices"":true,""inappropriate_question"":false,""invalid_category"":false,""other"":false,""remark"":null}",2024-07-17 08:17:08,2024-07-17 08:17:08
11,1961: This man hits his 61st homer of the season,(Roger) Maris,(Roger) Maris,Louisiana,Disney World,(Roger) Maris,1-Oct,4,"{""question_id"":479097,""invalid_context"":false,""spelling"":false,""invalid_choices"":true,""inappropriate_question"":false,""invalid_category"":false,""other"":false,""remark"":null}",2024-07-17 08:17:21,2024-07-17 08:17:21
13,In Scotland Which Soup Is Traditionally Served On Burns Night,Cock-A-Leekie,Cock-A-Leekie,Cougettes,Rum,Cocaine,FOOD_AND_DRINKS,4,"{""question_id"":689937,""invalid_context"":false,""spelling"":false,""invalid_choices"":true,""inappropriate_question"":false,""invalid_category"":false,""other"":false,""remark"":""Cocaine is not a soup""}",2024-07-17 08:19:39,2024-07-17 08:19:39
14,Most of these Myanmar cats are descended from a female named Wong Mau,Burmese,Burmese,white,Tabby,Pembroke,CATS & DOGS,4,"{""question_id"":101706,""invalid_context"":false,""spelling"":false,""invalid_choices"":true,""inappropriate_question"":false,""invalid_category"":false,""other"":false,""remark"":null}",2024-07-17 08:19:53,2024-07-17 08:19:53
15,A sea creature is depicted chomping on a hockey stick on the logo of this San Jose team,the Sharks,the Sharks,Chicago Blackhawks,the Sharks,Chicago Blackhawks,NHL LOGOS,4,"{""question_id"":373672,""invalid_context"":false,""spelling"":false,""invalid_choices"":true,""inappropriate_question"":false,""invalid_category"":false,""other"":false,""remark"":""Shark,\nWhale,\nWarlus,\nTuna,""}",2024-07-17 08:22:03,2024-07-17 08:22:03
16,"3 of the 4 continents which appeared in the titles of John Gunther's ""Inside..."" books","Africa, Asia & Europe","Africa, Asia & Europe",Australia,Dean Koontz,Artemis,BOOKS & AUTHORS,4,"{""question_id"":102665,""invalid_context"":false,""spelling"":false,""invalid_choices"":true,""inappropriate_question"":false,""invalid_category"":false,""other"":false,""remark"":""Africa, Asia & Europe,\nNorth America,\nAntarctica,\nSouth America""}",2024-07-17 08:22:59,2024-07-17 08:22:59
17,In November 1609 the British seized this Henry Hudson ship but later returned it to the Dutch East India Co.,The Half Moon,The Half Moon,steamship,Magellan,(Samuel) Cunard,SHIPS,4,"{""question_id"":44337,""invalid_context"":true,""spelling"":false,""invalid_choices"":false,""inappropriate_question"":false,""invalid_category"":false,""other"":false,""remark"":null}",2024-07-17 08:23:10,2024-07-17 08:23:10
18,"In Feb. 1942 radio address he said, ""Never before have we had so little time in which to do so much""",Franklin Delano Roosevelt,Franklin Delano Roosevelt,Will Rogers,"something old, something new, something borrowed, something blue","""You may fire when ready, Gridley""",FAMOUS QUOTES,4,"{""question_id"":30044,""invalid_context"":true,""spelling"":false,""invalid_choices"":false,""inappropriate_question"":false,""invalid_category"":false,""other"":false,""remark"":null}",2024-07-17 08:26:27,2024-07-17 08:26:27
19,"In the story that inspired ""Blade Runner"", Philip K. Dick didn't use ""replicant""�his term was ""andy"", short for this",android,android,translate (alien languages),android,Frank Herbert,SCI-FI TECH,4,"{""question_id"":644219,""invalid_context"":false,""spelling"":false,""invalid_choices"":true,""inappropriate_question"":false,""invalid_category"":false,""other"":false,""remark"":null}",2024-07-17 08:27:36,2024-07-17 08:27:36
20,The ruthless Cesare Borgia was the model for this book by Machiavelli,"""The Prince""","""The Prince""",Multiplication,the lute,Flemish,THE RENAISSANCE,4,"{""question_id"":118478,""invalid_context"":false,""spelling"":false,""invalid_choices"":true,""inappropriate_question"":false,""invalid_category"":false,""other"":false,""remark"":null}",2024-07-17 08:27:49,2024-07-17 08:27:49
22,"In 1944 this victorious running mate sent FDR a telegram reading, ""Isolationism is dead""",Harry S. Truman,Harry S. Truman,8-Nov,1860,Dwight D. Eisenhower,ELECTION DAY,4,"{""question_id"":366301,""invalid_context"":false,""spelling"":false,""invalid_choices"":true,""inappropriate_question"":false,""invalid_category"":false,""other"":false,""remark"":null}",2024-07-17 08:30:04,2024-07-17 08:30:04
23,"Pushing the CC button on your car activates this, perfect for long trips on the open highway",cruise control,cruise control,cruise control,closed caption,cruise control,C & C ALLITERATION FACTORY,4,"{""question_id"":635466,""invalid_context"":false,""spelling"":false,""invalid_choices"":true,""inappropriate_question"":false,""invalid_category"":false,""other"":false,""remark"":""Check car,\nClosed caption,\nCar control,""}",2024-07-17 08:31:06,2024-07-17 08:31:06
25,"Following gall bladder surgery in February, this pop artist passed away",Andy Warhol,Andy Warhol,(Jos� NapoleÃ�n) Duarte,Andy Warhol,Colin Powell,1987,4,"{""question_id"":205601,""invalid_context"":false,""spelling"":false,""invalid_choices"":true,""inappropriate_question"":false,""invalid_category"":false,""other"":false,""remark"":""Duarte,\nChris Brown,\nCollins Powell""}",2024-07-17 08:32:10,2024-07-17 08:32:10
29,Mounts that Moses summited include Sinai & this one from which he got a look at the promised land,Pisgah,Pisgah,the Nile,the Nile,let my people go,HOLY MOSES!,4,"{""question_id"":607182,""invalid_context"":false,""spelling"":false,""invalid_choices"":true,""inappropriate_question"":false,""invalid_category"":false,""other"":false,""remark"":""Camel,\nKenya,\nEverest""}",2024-07-17 08:36:42,2024-07-17 08:36:42
31,"On March 23, 1957, the army held public sale of their last of these outmoded means of communication",homing pigeons,homing pigeons,buzzards,Florence Nightingale,Florence Nightingale,HAPPY BIRD DAYS,4,"{""question_id"":176681,""invalid_context"":false,""spelling"":false,""invalid_choices"":true,""inappropriate_question"":false,""invalid_category"":false,""other"":false,""remark"":""Buzzards,\nHawks,\nEagle,""}",2024-07-17 08:38:57,2024-07-17 08:38:57
34,I like a good glass of wine or 2; you are this type of 10-letter nondrinker,a teetotaler,a teetotaler,a teetotaler,yoga,The African Queen,I'M JUST NOT THAT INTO YOU,4,"{""question_id"":625529,""invalid_context"":false,""spelling"":false,""invalid_choices"":false,""inappropriate_question"":false,""invalid_category"":false,""other"":false,""remark"":""Addict,\nYoga,\nPeasant,""}",2024-07-17 08:40:06,2024-07-17 08:40:06
36,It's the 3-letter definition for measuring film speed,ISO/ASA,ISO/ASA,Lenses,Lenses,ISO/ASA,POPULAR PHOTOGRAPHY,4,"{""question_id"":347451,""invalid_context"":false,""spelling"":false,""invalid_choices"":true,""inappropriate_question"":false,""invalid_category"":false,""other"":false,""remark"":""RAM,\nROM,\nSSD,""}",2024-07-17 08:40:37,2024-07-17 08:40:37
38,"Hampton Creek, maker of ""Just Mayo"", convinced the FDA to let it keep the name, though J.M. doesn't contain these",eggs,eggs,Hellmann's,eggs,garlic,MUSTARD OR MAYO,4,"{""question_id"":656791,""invalid_context"":false,""spelling"":false,""invalid_choices"":true,""inappropriate_question"":false,""invalid_category"":false,""other"":false,""remark"":""Hellman's,\nGinger,\nGarlic,""}",2024-07-17 08:41:30,2024-07-17 08:41:30
40,"Idiomatically, when you ""take someone's"" this, you're evaluating them",measure,measure,a mensch,measure,meander,BEYOND ME,4,"{""question_id"":661685,""invalid_context"":false,""spelling"":false,""invalid_choices"":true,""inappropriate_question"":false,""invalid_category"":false,""other"":false,""remark"":""a mensch,\nLook,\nMeander,""}",2024-07-17 08:42:29,2024-07-17 08:42:29
44,"In this novel, Mrs. Bennet tries to find husbands for her 5 daughters","""Pride and Prejudice""","""Pride and Prejudice""","""Pride and Prejudice""","""Emma""",Sensibility,JANE AUSTEN,4,"{""question_id"":317308,""invalid_context"":false,""spelling"":false,""invalid_choices"":true,""inappropriate_question"":false,""invalid_category"":false,""other"":false,""remark"":""Power and punishment,\nEmma,\nSensibility,""}",2024-07-17 08:43:53,2024-07-17 08:43:53
46,"Riding shotgun on the kidneys, these glands weigh barely 5 grams each, but produce vital hormones",the adrenal glands,the adrenal glands,the adrenal glands,a calf muscle,a flexor,THE BODY OF EVIDENCE,4,"{""question_id"":582354,""invalid_context"":false,""spelling"":false,""invalid_choices"":true,""inappropriate_question"":false,""invalid_category"":false,""other"":false,""remark"":""Gall bladder,\nA calf muscle,\nA flexor,""}",2024-07-17 08:44:33,2024-07-17 08:44:33
47,"Violinist Isaac Stern helped save this NYC hall from the wrecking ball, & its main auditorium is now named for him",Carnegie Hall,Carnegie Hall,second fiddle,second fiddle,second fiddle,FIDDLER,4,"{""question_id"":635217,""invalid_context"":false,""spelling"":false,""invalid_choices"":true,""inappropriate_question"":false,""invalid_category"":false,""other"":false,""remark"":null}",2024-07-17 08:45:02,2024-07-17 08:45:02
48,This 49ers legend had a record 17 seasons with 50 or more receptions,Jerry Rice,Jerry Rice,Peyton Manning,Jerry Rice,Emmitt Smith,NFL RECORDS,4,"{""question_id"":524839,""invalid_context"":false,""spelling"":false,""invalid_choices"":true,""inappropriate_question"":false,""invalid_category"":false,""other"":false,""remark"":""Peyton Manning,\nLebron James,\nEmmitt Smith,""}",2024-07-17 08:45:53,2024-07-17 08:45:53
49,Statues of Kamehameha I & of this Belgian priest represent Hawaii in the U.S. Capitol's Statuary Hall,Father Damien,Father Damien,Nelson,Russia,Nelson,STATUES,4,"{""question_id"":225503,""invalid_context"":false,""spelling"":false,""invalid_choices"":true,""inappropriate_question"":false,""invalid_category"":false,""other"":false,""remark"":""Nelson,\nJames,\nPutin,""}",2024-07-17 08:46:39,2024-07-17 08:46:39
50,"The right of ""hot"" this allows a nation to chase a boat from its own waters into the high seas",pursuit,pursuit,cut and run,cut and run,hands,NAUTICAL WORDS & PHRASES,4,"{""question_id"":663869,""invalid_context"":false,""spelling"":false,""invalid_choices"":true,""inappropriate_question"":false,""invalid_category"":false,""other"":false,""remark"":""Hit and run,\nCut and run,\nHands,""}",2024-07-17 08:47:18,2024-07-17 08:47:18
54,Canada's longest river is named for this explorer who traveled on it in 1789,Mackenzie,Mackenzie,Ben Franklin,Mackenzie,(Captain) Cook,THE 18th CENTURY WORLD,4,"{""question_id"":461705,""invalid_context"":false,""spelling"":false,""invalid_choices"":true,""inappropriate_question"":false,""invalid_category"":false,""other"":false,""remark"":""Ben Franklin,\nAbraham Lincoln, \nCaptain cook,""}",2024-07-17 08:50:44,2024-07-17 08:50:44
58,"If Melville's Bartleby moved from New York to London, he'd join the company of these",Scriveners,Scriveners,Fishmongers,Scriveners,Carpenters,LONDON'S CITY GUILDS,4,"{""question_id"":307987,""invalid_context"":false,""spelling"":false,""invalid_choices"":true,""inappropriate_question"":false,""invalid_category"":false,""other"":false,""remark"":""Fishmongers,\nScammers,\nCarpenters,""}",2024-07-17 08:51:29,2024-07-17 08:51:29
59,"These are found in Rome, though they sound like they should be in Madrid",the Spanish Steps,the Spanish Steps,step up to the plate,step up to the plate,step brothers,"""STEP"" BY STEP",4,"{""question_id"":653501,""invalid_context"":false,""spelling"":false,""invalid_choices"":true,""inappropriate_question"":false,""invalid_category"":false,""other"":false,""remark"":""Eiffel tower,\nVatican,\nSpenzia,""}",2024-07-17 08:52:31,2024-07-17 08:52:31
60,Purists screamed but many 9-to-5ers were pleased when Wrigley Field added these in 1988,lights,lights,Confines,Harry Caray,Confines,WRIGLEY FIELD,4,"{""question_id"":410630,""invalid_context"":false,""spelling"":false,""invalid_choices"":true,""inappropriate_question"":false,""invalid_category"":false,""other"":false,""remark"":""Confines,\nHarry carat,\nSnakes,""}",2024-07-17 08:53:11,2024-07-17 08:53:11
62,"About being a distant cousin of this politician from Wyoming, Barack Obama said, ""That's a heartbreak""",Dick Cheney,Dick Cheney,Elvis Presley,Dick Cheney,Dick Cheney,IT'S ALL POLITICALLY RELATIVE,4,"{""question_id"":495956,""invalid_context"":true,""spelling"":false,""invalid_choices"":false,""inappropriate_question"":false,""invalid_category"":false,""other"":false,""remark"":null}",2024-07-17 08:53:23,2024-07-17 08:53:23
63,The chinchilla,rodent,rodent,rodent,Carnivore,monotremes,GIVE THE ORDER,4,"{""question_id"":542739,""invalid_context"":false,""spelling"":false,""invalid_choices"":true,""inappropriate_question"":false,""invalid_category"":false,""other"":false,""remark"":""Reptile,\nCarnivore,\nMonotremes,""}",2024-07-17 08:54:15,2024-07-17 08:54:15
64,"They could've called themselves David, Stephen & Graham when they formed in Lauren Canyon but went by these 3 last names","Crosby, Stills & Nash","Crosby, Stills & Nash",ABBA,ABBA,Motley Crue,BAND/NAMES,4,"{""question_id"":564600,""invalid_context"":false,""spelling"":false,""invalid_choices"":false,""inappropriate_question"":false,""invalid_category"":false,""other"":false,""remark"":""Migos,\nABBA,\nMotley crew,""}",2024-07-17 08:54:53,2024-07-17 08:54:53
66,"""Vice Principals"", ""Room 104""",HBO,HBO,Food Network,PBS,Food Network,TV NETWORKING,4,"{""question_id"":628110,""invalid_context"":false,""spelling"":false,""invalid_choices"":true,""inappropriate_question"":false,""invalid_category"":false,""other"":false,""remark"":""Glovo,\nPBS,\nFood network,""}",2024-07-17 08:55:39,2024-07-17 08:55:39
67,"""A View To A Kill""",Duran Duran,Duran Duran,Duran Duran,Dire Straits,Duran Duran,ON THEIR LIVE AID SETLIST,4,"{""question_id"":626563,""invalid_context"":true,""spelling"":false,""invalid_choices"":false,""inappropriate_question"":false,""invalid_category"":false,""other"":false,""remark"":null}",2024-07-17 08:58:00,2024-07-17 08:58:00
68,You'll find the Isle of Skye in the Inner these,the Hebrides,the Hebrides,Guernsey,the Hebrides,Bermuda,OTHER BRITISH ISLES,4,"{""question_id"":477107,""invalid_context"":false,""spelling"":false,""invalid_choices"":true,""inappropriate_question"":false,""invalid_category"":false,""other"":false,""remark"":""Guernsey,\nSuez canal,\nBermuda,""}",2024-07-17 08:58:37,2024-07-17 08:58:37
69,Roots that descend from branches can give one of these tropical & subtropical trees the appearance of a thicket,banyan trees,banyan trees,balsa,basil,banyan trees,"GETTING A ""BA"" IN BOTANY",4,"{""question_id"":677931,""invalid_context"":false,""spelling"":false,""invalid_choices"":true,""inappropriate_question"":false,""invalid_category"":false,""other"":false,""remark"":""Balsa,\nBasil,\nEucalyptus,""}",2024-07-17 08:59:41,2024-07-17 08:59:41
70,"(Cheryl of the Clue Crew reports from the Theater of Dionysus in Athens, Greece.) When this man introduced his play ""Medea"" in a contest held here at the Theater of Dionysus in 431 B.C., he came in la",Euripides,Euripides,The Frogs,The Frogs,Thespis,ANCIENT GREEK THEATRE,4,"{""question_id"":441394,""invalid_context"":true,""spelling"":false,""invalid_choices"":false,""inappropriate_question"":false,""invalid_category"":false,""other"":false,""remark"":null}",2024-07-17 09:00:14,2024-07-17 09:00:14
71,"In an 1874 cartoon Thomas Nast drew this creature scaring other animals, including an elephant",a donkey,a donkey,a donkey,men and women,the hammer & sickle,A CLASH OF SYMBOLS,4,"{""question_id"":568221,""invalid_context"":false,""spelling"":false,""invalid_choices"":true,""inappropriate_question"":false,""invalid_category"":false,""other"":false,""remark"":""A lion,\nMen and women,\nA goat,""}",2024-07-17 09:00:50,2024-07-17 09:00:50
73,"""No man is good 3 times"" was the Republican slogan in the election campaign against this man",FDR,FDR,FDR,FDR,FDR,ELECTION SLOGANS,4,"{""question_id"":199762,""invalid_context"":true,""spelling"":false,""invalid_choices"":false,""inappropriate_question"":false,""invalid_category"":false,""other"":false,""remark"":null}",2024-07-17 09:01:08,2024-07-17 09:01:08
77,"The farthest galaxy from Earth ever detected is about 77 sextillion miles away, or a mere 13.1 billion of these",light years,light years,light years,clusters,clusters,OF THE GALAXY,4,"{""question_id"":590006,""invalid_context"":false,""spelling"":false,""invalid_choices"":true,""inappropriate_question"":false,""invalid_category"":false,""other"":false,""remark"":""Moon years,\nRevolutions,\nClusters,""}",2024-07-17 09:02:25,2024-07-17 09:02:25
79,"These 2 mountain families get their feud on at cliffside amphitheatre in Beaver, West Virginia",the Hatfields & McCoys,the Hatfields & McCoys,The Last of the Mohicans,Virginia,The Last of the Mohicans,OUTDOOR DRAMAS,4,"{""question_id"":564552,""invalid_context"":false,""spelling"":false,""invalid_choices"":true,""inappropriate_question"":false,""invalid_category"":false,""other"":false,""remark"":null}",2024-07-17 09:02:49,2024-07-17 09:02:49
80,"In this film, Annette Bening is asked out by widower Michael Douglas, who happens to be the commander-in-chief",The American President,The American President,Jane Fonda and Robert Redford,Jane Fonda and Robert Redford,The American President,ON-SCREEN ROMANCES,4,"{""question_id"":627430,""invalid_context"":true,""spelling"":false,""invalid_choices"":false,""inappropriate_question"":false,""invalid_category"":false,""other"":false,""remark"":null}",2024-07-17 09:03:33,2024-07-17 09:03:33
83,"Yellowcake, a compound of this element, is the raw stuff for commercial nuclear materials",uranium,uranium,uranium,uranium,uranium,"HERE'S LOOKING AT ""U""",4,"{""question_id"":683280,""invalid_context"":false,""spelling"":false,""invalid_choices"":true,""inappropriate_question"":false,""invalid_category"":false,""other"":false,""remark"":""Nuclear,\nCarbon,\nOxygen,""}",2024-07-17 09:04:01,2024-07-17 09:04:01
84,"Fidel's efforts to export revolution to this continent cost the lives of more than 4,000 Cubans, half in Angola",Africa,Africa,Africa,Pope John Paul II,Pope John Paul II,CASTRO'S CUBA: 1959-2016,4,"{""question_id"":616856,""invalid_context"":true,""spelling"":false,""invalid_choices"":false,""inappropriate_question"":false,""invalid_category"":false,""other"":false,""remark"":null}",2024-07-17 09:04:19,2024-07-17 09:04:19
86,"Ricky Martin sang,""She's into superstitions, black cats and voodoo dolls"", & no doubt she's livin' this",La Vida Loca,La Vida Loca,La Vida Loca,"(In my own) ""Private Idaho""",(upstairs from you) on the second floor,LIVING LYRICS,4,"{""question_id"":476967,""invalid_context"":true,""spelling"":false,""invalid_choices"":false,""inappropriate_question"":false,""invalid_category"":false,""other"":false,""remark"":null}",2024-07-17 09:04:27,2024-07-17 09:04:27
91,To reside,dwell,dwell,dwell,a get well card,a get well card,"THAT ENDED ""WELL""",4,"{""question_id"":634532,""invalid_context"":false,""spelling"":false,""invalid_choices"":true,""inappropriate_question"":false,""invalid_category"":false,""other"":false,""remark"":""Stay,\nAccommodate,\nLive""}",2024-07-17 09:05:18,2024-07-17 09:05:18
92,"By winning a coin toss in 1845, F. Pettygrove got this city named after his hometown in Maine",Portland,Portland,Salem,Portland,Eugene,OREGON,4,"{""question_id"":149367,""invalid_context"":true,""spelling"":false,""invalid_choices"":false,""inappropriate_question"":false,""invalid_category"":false,""other"":false,""remark"":null}",2024-07-17 09:05:25,2024-07-17 09:05:25
96,Canada's main naval base on the eastern seaboard is in this Nova Scotia capital,Halifax,Halifax,Kyoto,Chicago,Halifax,WORLD CITIES,4,"{""question_id"":61698,""invalid_context"":true,""spelling"":false,""invalid_choices"":false,""inappropriate_question"":false,""invalid_category"":false,""other"":false,""remark"":null}",2024-07-17 09:09:04,2024-07-17 09:09:04
99,"Appropriately, the Royal Shakespeare Co. performs the man's plays in this town; Shottery is one mile west",Stratford-upon-Avon,Stratford-upon-Avon,Nottingham,Stratford-upon-Avon,Stratford-upon-Avon,THINK OF ENGLAND,4,"{""question_id"":505163,""invalid_context"":false,""spelling"":false,""invalid_choices"":true,""inappropriate_question"":false,""invalid_category"":false,""other"":false,""remark"":""Nottingham,\nBirmingham,\nManchester,""}",2024-07-17 09:10:06,2024-07-17 09:10:06
102,Ouagadougou is the capital of ______?,Burkina Faso,Burkina Faso,Austria,Verrazano Narrows,Portugal,GEOGRAPHY,4,"{""question_id"":691267,""invalid_context"":false,""spelling"":false,""invalid_choices"":true,""inappropriate_question"":false,""invalid_category"":false,""other"":false,""remark"":""Austria,\nC\u00f4te d voire,\nPortugal,""}",2024-07-17 09:11:06,2024-07-17 09:11:06
103,"""Take thy beak from out my heart, and take thy form from off my door!""",Edgar Allan Poe,Edgar Allan Poe,Edgar Allan Poe,Edgar Allan Poe,Mary Shelley,WORDS OF THE WRITER,4,"{""question_id"":453491,""invalid_context"":true,""spelling"":false,""invalid_choices"":false,""inappropriate_question"":false,""invalid_category"":false,""other"":false,""remark"":null}",2024-07-17 09:11:17,2024-07-17 09:11:17
104,"Disturbing the peace & loitering can be part of the crime known as this type of ""conduct""",disorderly,disorderly,a disciple,disorderly,a discontinuity,"CAN WE ""DIS""CUSS?",4,"{""question_id"":685045,""invalid_context"":false,""spelling"":false,""invalid_choices"":true,""inappropriate_question"":false,""invalid_category"":false,""other"":false,""remark"":""Indiscipline,\nRespect,\nRebellion,""}",2024-07-17 09:12:07,2024-07-17 09:12:07
105,"""Only Connect"" is from this E.M. Forster novel about a country house",Howards End,Howards End,a pearl,Howards End,Mao Zedong,QUOTE-POURRI,4,"{""question_id"":677372,""invalid_context"":true,""spelling"":false,""invalid_choices"":false,""inappropriate_question"":false,""invalid_category"":false,""other"":false,""remark"":null}",2024-07-17 09:12:27,2024-07-17 09:12:27
106,Vulpine,a fox,a fox,a fox,ape,a fox,DESCRIBING THE ANIMAL,4,"{""question_id"":570888,""invalid_context"":false,""spelling"":false,""invalid_choices"":true,""inappropriate_question"":false,""invalid_category"":false,""other"":false,""remark"":""A wolf,\nA tiger,\nAn ape,""}",2024-07-17 09:13:02,2024-07-17 09:13:02
107,"In 1971 Viggo Rasmussen, managing director of this country's Tuborg Brewery, was kidnapped",Denmark,Denmark,Benjamin Franklin,Cecil Rhodes,China,HISTORY,4,"{""question_id"":72953,""invalid_context"":true,""spelling"":false,""invalid_choices"":false,""inappropriate_question"":false,""invalid_category"":false,""other"":false,""remark"":null}",2024-07-17 09:13:19,2024-07-17 09:13:19
108,"A state park in Burnet County, Texas appropriately bears the name of this breed of cattle",longhorn,longhorn,minutemen,longhorn,Louisiana,IN THE PARK,4,"{""question_id"":498725,""invalid_context"":true,""spelling"":false,""invalid_choices"":false,""inappropriate_question"":false,""invalid_category"":false,""other"":false,""remark"":null}",2024-07-17 09:13:32,2024-07-17 09:13:32
109,The colors of France's tricolor flag,"red, white & blue","red, white & blue",cigarette smoke,a water pump,a jack rabbit,LEFTOVERS,4,"{""question_id"":150879,""invalid_context"":false,""spelling"":false,""invalid_choices"":true,""inappropriate_question"":false,""invalid_category"":false,""other"":false,""remark"":""Black, red & green,\nYellow \nBlack & white,""}",2024-07-17 09:14:25,2024-07-17 09:14:25
110,In 1989 Gin Miller joined this shoe company as creative director for step training,Reebok,Reebok,the ridiculous,The 39 Steps,the ridiculous,WATCH YOUR STEP,4,"{""question_id"":413197,""invalid_context"":true,""spelling"":false,""invalid_choices"":false,""inappropriate_question"":false,""invalid_category"":false,""other"":false,""remark"":null}",2024-07-17 09:14:53,2024-07-17 09:14:53
111,"A denial, in Pig Latin",ixnay,ixnay,a girlcott,pre-boarding,a girlcott,NEW WORDS IN THE OED,4,"{""question_id"":496309,""invalid_context"":true,""spelling"":false,""invalid_choices"":false,""inappropriate_question"":false,""invalid_category"":false,""other"":false,""remark"":null}",2024-07-17 09:15:33,2024-07-17 09:15:33
112,"After the dough is made & shaped, this happens to the bagels before they are baked, unusual among bread products",boiling,boiling,boiling,lox (or smoked salmon),poppyseed,BAGELS,4,"{""question_id"":617998,""invalid_context"":false,""spelling"":false,""invalid_choices"":true,""inappropriate_question"":false,""invalid_category"":false,""other"":false,""remark"":""Melting,\nEvaporation,\nCooling,""}",2024-07-17 09:16:17,2024-07-17 09:16:17
114,A properly stocked first aid kit should have some of the butterfly type of these,Bandages,Bandages,Drew Barrymore,Bandages,Drew Barrymore,BUTTERFLY POTPOURRI,4,"{""question_id"":345571,""invalid_context"":false,""spelling"":false,""invalid_choices"":true,""inappropriate_question"":false,""invalid_category"":false,""other"":false,""remark"":""Syringes,\nGloves,\nPins,""}",2024-07-17 09:17:03,2024-07-17 09:17:03
115,In Which African Country Is The Seaport Of Banana,"The Democratic Republic Of Congo , Formally Zaire","The Democratic Republic Of Congo , Formally Zaire",Addicted,They All Disappeared Without A Trace,Elton John & Rod Stewart,PEOPLE_AND_PLACES,4,"{""question_id"":700603,""invalid_context"":false,""spelling"":false,""invalid_choices"":true,""inappropriate_question"":false,""invalid_category"":false,""other"":false,""remark"":""Zaire,\nMalawi,\nZimbabwe,""}",2024-07-17 09:17:36,2024-07-17 09:17:36
116,Joe ate some of the scenery as Heimlich the Ravenous Caterpillar in this 1998 animated feature,A Bug's Life,A Bug's Life,Finding Nemo,Finding Nemo,Beauty & The Beast,JOE RANFT: PIXAR LEGEND,4,"{""question_id"":476920,""invalid_context"":true,""spelling"":false,""invalid_choices"":false,""inappropriate_question"":false,""invalid_category"":false,""other"":false,""remark"":null}",2024-07-17 09:17:58,2024-07-17 09:17:58
117,"Joaquin Phoenix hides that he's from a family full of cops, including brother Mark Wahlberg in this 2007 drama",We Own the Night,We Own the Night,In the Heat of the Night,In the Heat of the Night,We Own the Night,"MOVIE ""NIGHT""",4,"{""question_id"":487652,""invalid_context"":true,""spelling"":false,""invalid_choices"":false,""inappropriate_question"":false,""invalid_category"":false,""other"":false,""remark"":null}",2024-07-17 09:18:30,2024-07-17 09:18:30
119,Quad Cities is a Midwestern gaming hub with casinos in Bettendorf & this other trisyllabic Iowa city,Davenport,Davenport,the burn,the pit boss,the pit boss,CASINO,4,"{""question_id"":611135,""invalid_context"":true,""spelling"":false,""invalid_choices"":false,""inappropriate_question"":false,""invalid_category"":false,""other"":false,""remark"":null}",2024-07-17 09:18:57,2024-07-17 09:18:57
122,"His resume includes trumpeter, book deliverer, archangel & announcer",Gabriel,Gabriel,an antenna,an antenna,playing cards,STUFF,4,"{""question_id"":306989,""invalid_context"":false,""spelling"":false,""invalid_choices"":true,""inappropriate_question"":false,""invalid_category"":false,""other"":false,""remark"":""Michael,\nElijah,\nJudas,""}",2024-07-17 09:19:40,2024-07-17 09:19:40
123,A referee sounds it to signal an infraction,a whistle,a whistle,a depot,a whistle,a depot,A SPOT OF SILENT T,4,"{""question_id"":615583,""invalid_context"":false,""spelling"":false,""invalid_choices"":true,""inappropriate_question"":false,""invalid_category"":false,""other"":false,""remark"":""A depot,\nA siren,\nA trumpet,""}",2024-07-17 09:20:22,2024-07-17 09:20:22
125,"This twin-tube tunnel under the Hudson was named for its designer, who died during its construction",(Clifford) Holland,(Clifford) Holland,an elevator,composite,composite,ENGINEERING,4,"{""question_id"":137997,""invalid_context"":true,""spelling"":false,""invalid_choices"":false,""inappropriate_question"":false,""invalid_category"":false,""other"":false,""remark"":null}",2024-07-17 09:20:32,2024-07-17 09:20:32
127,"11 times, plus 5 in the ABA: What's up, Doc? He was�when he dunked",Julius Erving,Julius Erving,Kareem Abdul-Jabbar,Kareem Abdul-Jabbar,Kareem Abdul-Jabbar,NBA ALL-STARS,4,"{""question_id"":590888,""invalid_context"":false,""spelling"":false,""invalid_choices"":true,""inappropriate_question"":false,""invalid_category"":false,""other"":false,""remark"":""Kyrie Irving,\nMichael Jordan,\nSteph Curry,""}",2024-07-17 09:22:00,2024-07-17 09:22:00
129,"Oops, you crammed for the multistate bar exam but this state with laws deriving from the Napoleonic code doesn't use it",Louisiana,Louisiana,a litmus test,the eye test (or the vision test),Army Rangers,YOU SHALL NOT PASS!,4,"{""question_id"":629546,""invalid_context"":false,""spelling"":false,""invalid_choices"":true,""inappropriate_question"":false,""invalid_category"":false,""other"":false,""remark"":""Texas,\nCalifornia,\nIllinois,""}",2024-07-17 09:22:50,2024-07-17 09:22:50
131,"Bangor, Swansea",Wales,Wales,Wales,Scotland,Wales,"ENGLAND, SCOTLAND OR WALES",4,"{""question_id"":470747,""invalid_context"":true,""spelling"":false,""invalid_choices"":false,""inappropriate_question"":false,""invalid_category"":false,""other"":false,""remark"":null}",2024-07-17 09:23:26,2024-07-17 09:23:26
132,"As a result of the 1967 Arab-Israel War, Israel took control of this disputed piece of land along the Mediterranean",the Gaza Strip,the Gaza Strip,Macao,the Baltic Sea,the Gaza Strip,HISTORY & GEOGRAPHY,4,"{""question_id"":535214,""invalid_context"":false,""spelling"":false,""invalid_choices"":true,""inappropriate_question"":false,""invalid_category"":false,""other"":false,""remark"":""Macao,\nThe Baltic sea,\nGibraltar,""}",2024-07-17 09:24:11,2024-07-17 09:24:11
133,You know it's a classy joint when you see this in the minibar,a Toblerone,a Toblerone,50 meters,the desk clerk,the desk clerk,WELCOME TO OUR FINE HOTEL,4,"{""question_id"":513966,""invalid_context"":true,""spelling"":false,""invalid_choices"":false,""inappropriate_question"":false,""invalid_category"":false,""other"":false,""remark"":null}",2024-07-17 09:24:29,2024-07-17 09:24:29
134,"A delicious hors d'oeuvre is this French cheese, perhaps de Melun, baked in pastry",Brie,Brie,avocado,Thailand,melon,APPETIZERS,4,"{""question_id"":269714,""invalid_context"":false,""spelling"":false,""invalid_choices"":true,""inappropriate_question"":false,""invalid_category"":false,""other"":false,""remark"":""Avocado,\nMelon,""}",2024-07-17 09:25:15,2024-07-17 09:25:15
135,"The dramatization of this Erskine Caldwell novel ran for more than 3,000 performances on Broadway",Tobacco Road,Tobacco Road,Jessica Tandy (his wife),Jessica Tandy (his wife),The Taming of the Shrew,"""T""HEATER",4,"{""question_id"":336231,""invalid_context"":true,""spelling"":false,""invalid_choices"":false,""inappropriate_question"":false,""invalid_category"":false,""other"":false,""remark"":null}",2024-07-17 09:25:22,2024-07-17 09:25:22
136,Many have spiced up a visit to Louisiana by touring the Avery Island factory that makes this hot sauce,Tabasco,Tabasco,mustard,ramen,ramen,MUSEUMS FOR FOODIES,4,"{""question_id"":678402,""invalid_context"":true,""spelling"":false,""invalid_choices"":false,""inappropriate_question"":false,""invalid_category"":false,""other"":false,""remark"":null}",2024-07-17 09:25:47,2024-07-17 09:25:47
139,"Permutation, pernegation, perpetration",permutation,permutation,differential,differential,differential,SPOT THE MATH TERM,4,"{""question_id"":573256,""invalid_context"":false,""spelling"":false,""invalid_choices"":true,""inappropriate_question"":false,""invalid_category"":false,""other"":false,""remark"":""Pernegation,\nPerpetration,\nPenetration,""}",2024-07-17 09:27:07,2024-07-17 09:27:07
140,This New York City tavern at 54 Pearl Street is known for its Long Room where Washington said farewell to his officers in 1783,the Fraunces Tavern,the Fraunces Tavern,Buddha,1976,fall (storming) of the Bastille (French Revolution),LANDMARKS,4,"{""question_id"":50980,""invalid_context"":true,""spelling"":false,""invalid_choices"":false,""inappropriate_question"":false,""invalid_category"":false,""other"":false,""remark"":null}",2024-07-17 09:27:44,2024-07-17 09:27:44
141,"In 1993 Soul Asylum ""bought a ticket for"" this title transport, ""like a madman laughin' at the rain""","""Runaway Train""","""Runaway Train""","""Take The Money And Run""","""Run To You""","""Runaway Train""","A ""RUN"" OF TOP 40 HITS",4,"{""question_id"":596354,""invalid_context"":true,""spelling"":false,""invalid_choices"":false,""inappropriate_question"":false,""invalid_category"":false,""other"":false,""remark"":null}",2024-07-17 09:27:59,2024-07-17 09:27:59
142,"""Water"" is one suggested original meaning for this first name of swimming's Mr. Lochte",Ryan,Ryan,Kelly,Ryan,McCoy,IRISH NAME DERIVATIONS,4,"{""question_id"":673580,""invalid_context"":false,""spelling"":false,""invalid_choices"":true,""inappropriate_question"":false,""invalid_category"":false,""other"":false,""remark"":""Kelly,\nJames,\nMcCoy,""}",2024-07-17 09:28:26,2024-07-17 09:28:26
144,1935 & 1960 films made possible only through the efforts of Mount Vesuvius,The Last Days of Pompeii,The Last Days of Pompeii,The Last Detail,The Last Days of Pompeii,The Last Hurrah,"""LAST"" MOVIES",4,"{""question_id"":110893,""invalid_context"":true,""spelling"":false,""invalid_choices"":false,""inappropriate_question"":false,""invalid_category"":false,""other"":false,""remark"":null}",2024-07-17 09:28:50,2024-07-17 09:28:50
147,"Cameron Thomaz was known by a short form of ""Wizard""; a relative added an Arabic word & now Cameron is him",Wiz Khalifa,Wiz Khalifa,21 Savage,Wiz Khalifa,DJ Kool Herc,HIP-HOP NAMES,4,"{""question_id"":687029,""invalid_context"":false,""spelling"":false,""invalid_choices"":true,""inappropriate_question"":false,""invalid_category"":false,""other"":false,""remark"":""21 savage,\nDrake,\nDJ Khalid,""}",2024-07-17 09:29:31,2024-07-17 09:29:31
148,Check this out! Its special holdings include Washington's copy of his farewell address,New York Public Library,New York Public Library,Gracie Mansion,Peter Minuit,Peter Minuit,NEW YORK CITY,4,"{""question_id"":122776,""invalid_context"":true,""spelling"":false,""invalid_choices"":false,""inappropriate_question"":false,""invalid_category"":false,""other"":false,""remark"":null}",2024-07-17 09:29:39,2024-07-17 09:29:39
149,"Her gang included Herman, Lloyd, Arthur & Fred�her four sons",Ma Barker,Ma Barker,Ma Barker,Lucrezia Borgia,Mata Hari,WICKED WOMEN,4,"{""question_id"":225448,""invalid_context"":true,""spelling"":false,""invalid_choices"":false,""inappropriate_question"":false,""invalid_category"":false,""other"":false,""remark"":null}",2024-07-17 09:29:47,2024-07-17 09:29:47
150,"On this sitcom Duff Beer is on tap at Moe's Tavern where the clientele is always ""animated""","""The Simpsons""","""The Simpsons""","""Love And War""","""Love And War""","""Roseanne""",TV BARS & RESTAURANTS,4,"{""question_id"":285625,""invalid_context"":true,""spelling"":false,""invalid_choices"":false,""inappropriate_question"":false,""invalid_category"":false,""other"":false,""remark"":null}",2024-07-17 09:29:54,2024-07-17 09:29:54
152,"This 20th century Swiss artist's painting ""Highways and Byways"" really gives me Wanderlust",Paul Klee,Paul Klee,Paris,Wall Street,Paris,EASEL DOWN THE ROAD,4,"{""question_id"":558781,""invalid_context"":true,""spelling"":false,""invalid_choices"":false,""inappropriate_question"":false,""invalid_category"":false,""other"":false,""remark"":null}",2024-07-17 09:30:06,2024-07-17 09:30:06
153,"In II Timothy 4:7 Paul recounts, ""I have finished my course, I have kept"" this",The faith,The faith,The sun,Bread,Bread,PHRASES FROM THE GOOD BOOK,4,"{""question_id"":345765,""invalid_context"":false,""spelling"":false,""invalid_choices"":true,""inappropriate_question"":false,""invalid_category"":false,""other"":false,""remark"":""Hope,\nTrust,\nBelief,""}",2024-07-17 09:30:27,2024-07-17 09:30:27
155,In Oct. 2007 Times Business reported this British band would let fans name their price to download the new album,Radiohead,Radiohead,China,China,Radiohead,THE NEW YORK TIMES BUSINESS,4,"{""question_id"":459927,""invalid_context"":true,""spelling"":false,""invalid_choices"":false,""inappropriate_question"":false,""invalid_category"":false,""other"":false,""remark"":null}",2024-07-17 09:30:55,2024-07-17 09:30:55
53,The barren ground type of this deer is native to the tundra regions of Alaska & Canada,caribou,caribou,a chimpanzee,a caribou,clams,"""C"" CREATURES",8,"{""question_id"":294931,""invalid_context"":false,""spelling"":false,""invalid_choices"":true,""inappropriate_question"":false,""invalid_category"":false,""other"":false,""remark"":null}",2024-07-17 08:50:02,2024-07-17 08:50:02
74,A shed for your Cessna,an airplane hangar,an airplane hangar,the Hanging Gardens of Babylon,an airplane hangar,hangover,"HOW'S IT ""HANG""ING?",8,"{""question_id"":424547,""invalid_context"":false,""spelling"":false,""invalid_choices"":true,""inappropriate_question"":false,""invalid_category"":false,""other"":false,""remark"":""hanger lease \nAircraft shelter \nhangar home \nTie downs""}",2024-07-17 09:01:21,2024-07-17 09:01:21
90,John Kelly took on this White House job in July 2017,chief of staff,chief of staff,fisticuffs,Hasenpfeffer,chief of staff,THE 3 F CLUB,8,"{""question_id"":635977,""invalid_context"":false,""spelling"":false,""invalid_choices"":true,""inappropriate_question"":false,""invalid_category"":false,""other"":false,""remark"":""Secretary of state\nNational security advisor \nPress secretary""}",2024-07-17 09:05:00,2024-07-17 09:05:00
97,"""Name: Richard Kimble. Profession: Doctor of Medicine. Destination: Death Row...""",The Fugitive,The Fugitive,The Fugitive,The Twilight Zone,The Twilight Zone,TV SHOW OPENING NARRATIONS,8,"{""question_id"":424193,""invalid_context"":false,""spelling"":false,""invalid_choices"":true,""inappropriate_question"":false,""invalid_category"":false,""other"":false,""remark"":""House, MD \nGrey's anatomy \nER\nChicago Med""}",2024-07-17 09:09:06,2024-07-17 09:09:06
145,"The AHA's Heart Walk raises money ""to save lives from this country's No. 1 and No. 5 killers, heart disease and"" this",stroke,stroke,stroke,Vancouver & Victoria,the AIDS Project,THAT'S WHAT I'M WALKING ABOUT,8,"{""question_id"":655062,""invalid_context"":false,""spelling"":false,""invalid_choices"":true,""inappropriate_question"":false,""invalid_category"":false,""other"":false,""remark"":""Cancer\nDiabetes \nAlzheimer's Disease \nChronic Obstructive Diseases""}",2024-07-17 09:29:02,2024-07-17 09:29:02
160,"Naturally, this liqueur whose name is German for caraway seeds is flavored with caraway seeds",Kummel,Kummel,a fifth,a kamikaze,40%,POTENT POTABLES,8,"{""question_id"":49826,""invalid_context"":false,""spelling"":false,""invalid_choices"":true,""inappropriate_question"":false,""invalid_category"":false,""other"":false,""remark"":""Cointreau \nAperol \nAquavit \nLimoncello""}",2024-07-17 09:39:53,2024-07-17 09:39:53
162,"Hey, Lassie, the name of this dog breed may come from a Scottish word meaning ""sooty with coal dust""",Collie,Collie,a myna,Senate,tariff,WORD ORIGINS,8,"{""question_id"":24781,""invalid_context"":false,""spelling"":false,""invalid_choices"":true,""inappropriate_question"":false,""invalid_category"":false,""other"":false,""remark"":""Cairn Terrier \nSkye Terrier \nBorder Collie \nScottish Terrier""}",2024-07-17 09:49:47,2024-07-17 09:49:47
164,"The water tower is one of this city's attractions found inside a musical snow globe that plays ""My Kinda Town""",Chicago,Chicago,Geiger counter,Chicago,Chicago,SOUVENIRS & COLLECTIBLES,8,"{""question_id"":425986,""invalid_context"":false,""spelling"":false,""invalid_choices"":true,""inappropriate_question"":false,""invalid_category"":false,""other"":false,""remark"":""New York city \nSan Francisco \nLas Vegas""}",2024-07-17 09:52:49,2024-07-17 09:52:49
170,"In 1977 voters elected Ernest N. ""Dutch"" Morial the 1st black mayor of this city",New Orleans,New Orleans,New Salem,New Orleans,New Zealand,"""NEW"" ON THE MAP",8,"{""question_id"":205670,""invalid_context"":false,""spelling"":false,""invalid_choices"":true,""inappropriate_question"":false,""invalid_category"":false,""other"":false,""remark"":""Deroit \nAtlanta \nHouston \nLos Angeles""}",2024-07-17 09:57:50,2024-07-17 09:57:50
26,Which French phrase can mean tastes differ?,Chacun a son gout,Pret-a-porter,Pour encourager les autres,Chacun a son gout,Idee fixe,general,10,"{""question_id"":710362,""invalid_context"":false,""spelling"":false,""invalid_choices"":true,""inappropriate_question"":false,""invalid_category"":false,""other"":false,""remark"":""Le go\u00fbt diff\u00e9re,""}",2024-07-17 08:33:37,2024-07-17 08:33:37
33,In 1949 this U.N. diplomat & future Nobel Peace Prize winner was awarded the NAACP's Spingarn Medal,Ralph Bunche,Ralph Bunche,Margaret Mead,the Polaroid camera,the Philippines,THE 1940s,10,"{""question_id"":216437,""invalid_context"":false,""spelling"":false,""invalid_choices"":true,""inappropriate_question"":false,""invalid_category"":false,""other"":false,""remark"":""It was never a UN diplomat,""}",2024-07-17 08:39:28,2024-07-17 08:39:28
37,"In this Pearl Buck novel, Wang Lung pulls a ricksha to provide for his family",The Good Earth,The Good Earth,Prometheus Unbound,Alexander Pope,John Donne,LITERATURE,10,"{""question_id"":45116,""invalid_context"":false,""spelling"":false,""invalid_choices"":true,""inappropriate_question"":false,""invalid_category"":false,""other"":false,""remark"":""Wang Lung does not pull a ricksha to provide for his family,""}",2024-07-17 08:41:25,2024-07-17 08:41:25
42,"Mais oui, it's French for ""cheese""",fromage,fromage,"""Too-Ra-Loo-Ra-Loo-Ral""",frostbite,"""Too-Ra-Loo-Ra-Loo-Ral""","""TO"" & ""FRO""",10,"{""question_id"":536289,""invalid_context"":false,""spelling"":false,""invalid_choices"":true,""inappropriate_question"":false,""invalid_category"":false,""other"":false,""remark"":""Mais oui: This is a French phrase meaning \""Yes, that's right.\"",""}",2024-07-17 08:43:08,2024-07-17 08:43:08
51,"This national-named dish of poultry, greens & crunchy bits was popularized at Madame Wu's restaurant in the '60s",Chinese chicken salad,Chinese chicken salad,The Jungle,The Jungle,The Joy of Cooking,FOOD STUFF,10,"{""question_id"":323945,""invalid_context"":false,""spelling"":false,""invalid_choices"":true,""inappropriate_question"":false,""invalid_category"":false,""other"":false,""remark"":""General Tso's Chicken,""}",2024-07-17 08:48:14,2024-07-17 08:48:14
101,"With over 2,500 versions, it's been listed in Guinness as the most recorded song in history","""Yesterday""","""Yesterday""","""Lucy in the Sky with Diamonds""","""Lucy in the Sky with Diamonds""","""Yesterday""",BEATLES REMAKES,10,"{""question_id"":421536,""invalid_context"":false,""spelling"":false,""invalid_choices"":true,""inappropriate_question"":false,""invalid_category"":false,""other"":true,""remark"":""According to the Guinness World Records, the song with the most recorded versions is actually \""Summertime\"", not \""Yesterday\"".  \""Summertime\"" has been recorded over 67,591 times!\n\n\""Yesterday\"" is still a very popular song with over 2,200 covers, but it doesn't quite hold the record,""}",2024-07-17 09:10:58,2024-07-17 09:10:58
161,Type of post-election election that involved the two men here in December 2022,a runoff,a runoff,a runoff,checks & balances,checks & balances,POLITICS TALK,10,"{""question_id"":685641,""invalid_context"":true,""spelling"":false,""invalid_choices"":false,""inappropriate_question"":false,""invalid_category"":false,""other"":false,""remark"":null}",2024-07-17 09:44:41,2024-07-17 09:44:41
27,"A recent play about a young Vladimir Putin has this word for ""rule by thieves"" as its title",kleptocracy,kleptocracy,kleptocracy,Gloria Steinem,Joan of Arc,RECENT PLAYS FROM REAL LIFE,11,"{""question_id"":655576,""invalid_context"":false,""spelling"":false,""invalid_choices"":false,""inappropriate_question"":false,""invalid_category"":false,""other"":true,""remark"":""Repetition""}",2024-07-17 08:34:38,2024-07-17 08:34:38
28,"Nearly 50 years after it was published, her ""Are You There, God? It's Me, Margaret"" is still being challenged",(Judy) Blume,(Judy) Blume,Ulysses,Fifty Shades of Grey,Ulysses,CHALLENGED & BANNED BOOKS,11,"{""question_id"":637367,""invalid_context"":false,""spelling"":false,""invalid_choices"":false,""inappropriate_question"":false,""invalid_category"":false,""other"":true,""remark"":""Repetition""}",2024-07-17 08:36:20,2024-07-17 08:36:20
30,"In June Bulgaria holds an annual harvest festival of these blossoms, the month's traditional flower",Rose,Rose,Ferdinand Magellan,Edmonton,Brazil,AROUND THE WORLD,11,"{""question_id"":261659,""invalid_context"":false,""spelling"":false,""invalid_choices"":true,""inappropriate_question"":false,""invalid_category"":false,""other"":false,""remark"":null}",2024-07-17 08:38:20,2024-07-17 08:38:20
32,An English dance called the Sir Roger de Coverley evolved into a jolly dance for couples called this state's reel,the Virginia reel,the Virginia reel,(Roger) Bannister,Roger Ebert,the Virginia reel,THE JOLLY ROGER,11,"{""question_id"":618825,""invalid_context"":false,""spelling"":false,""invalid_choices"":false,""inappropriate_question"":false,""invalid_category"":false,""other"":true,""remark"":""Repetition of choices""}",2024-07-17 08:39:13,2024-07-17 08:39:13
35,"(Kelly displays perilous instruments of destruction.) In the West, the ninja combat weapon known as shuriken are called throwing these",stars,stars,an elbow,an elbow,kendo,COMBAT!,11,"{""question_id"":480505,""invalid_context"":false,""spelling"":false,""invalid_choices"":false,""inappropriate_question"":false,""invalid_category"":false,""other"":true,""remark"":""Repetition of choices""}",2024-07-17 08:40:12,2024-07-17 08:40:12
39,You win if you pocket the 8-ball on this first shot of the game,the break,the break,golf,golf,water polo,THE RULES OF THE GAME,11,"{""question_id"":626356,""invalid_context"":false,""spelling"":false,""invalid_choices"":false,""inappropriate_question"":false,""invalid_category"":false,""other"":true,""remark"":""Repetition of choices""}",2024-07-17 08:41:45,2024-07-17 08:41:45
41,"The OED defines this 3-letter word from Mexican Spanish as ""a form of address for a man""",ese,ese,Pig Latin,ese,Al dente,LOANWORDS,11,"{""question_id"":305447,""invalid_context"":false,""spelling"":false,""invalid_choices"":false,""inappropriate_question"":false,""invalid_category"":false,""other"":true,""remark"":""Repetition of choices""}",2024-07-17 08:42:40,2024-07-17 08:42:40
57,"A.E. Housman, ""loveliest of trees,"" this now ""is hung with bloom along the bow""",a cherry tree,a cherry tree,a cherry tree,a nightingale,a cherry tree,NATURE POETRY,11,"{""question_id"":441729,""invalid_context"":false,""spelling"":false,""invalid_choices"":false,""inappropriate_question"":false,""invalid_category"":false,""other"":true,""remark"":""a cherry tree,\na cherry tree,\na nightingale,\na cherry tree, be""}",2024-07-17 08:51:25,2024-07-17 08:51:25
65,"""Is there no one else? Is there no one else?""",Troy,Troy,National Treasure,Troy,The Incredibles,QUOTABLE MOVIES 2004,11,"{""question_id"":443546,""invalid_context"":false,""spelling"":false,""invalid_choices"":false,""inappropriate_question"":false,""invalid_category"":false,""other"":false,""remark"":""Troy,\nNational Treasure,\nTroy,\nThe Incredibles,""}",2024-07-17 08:54:54,2024-07-17 08:54:54
72,The mother of the man who founded this U.S. college in 1636 lived in a house that still stands on High Street,Harvard,Harvard,the First Folio,daub,daub,SHAKESPEARE'S STRATFORD,11,"{""question_id"":410831,""invalid_context"":false,""spelling"":false,""invalid_choices"":false,""inappropriate_question"":false,""invalid_category"":false,""other"":false,""remark"":""Harvard,\nthe First Folio,\ndaub,\ndaub,""}",2024-07-17 09:01:07,2024-07-17 09:01:07
75,It was a capital idea to found Albany on the banks of this river,the Hudson,the Hudson,upstate,Cooperstown,Cooperstown,NEW YORK STATE OF MIND,11,"{""question_id"":638683,""invalid_context"":false,""spelling"":false,""invalid_choices"":false,""inappropriate_question"":false,""invalid_category"":false,""other"":false,""remark"":""the Hudson,\nupstate,\nCooperstown,\nCooperstown""}",2024-07-17 09:01:51,2024-07-17 09:01:51
76,"Jackson was born March 15, 1767 in the Waxhaw area of this state but N. Carolina also claimed him as a native",South Carolina,South Carolina,train,train,South Carolina,THE ANDREW JACKSON 5,11,"{""question_id"":386025,""invalid_context"":false,""spelling"":false,""invalid_choices"":false,""inappropriate_question"":false,""invalid_category"":false,""other"":false,""remark"":""South Carolina,\ntrain,\ntrain,\nSouth Carolina.""}",2024-07-17 09:02:22,2024-07-17 09:02:22
78,In Yemen Iran & Saudi Arabia are waging this type of war where others do the fighting,proxy,proxy,sheep & goats,Mecca,Qatar,ARABIA,11,"{""question_id"":668176,""invalid_context"":false,""spelling"":false,""invalid_choices"":true,""inappropriate_question"":false,""invalid_category"":false,""other"":false,""remark"":null}",2024-07-17 09:02:45,2024-07-17 09:02:45
81,"In the U.K, a male surgeon is called ""Mr."", not ""Dr."", a holdover from times when these unschooled guys did most surgery",barbers,barbers,barbers,heart surgery,keratotomy,LIKE A SURGEON,11,"{""question_id"":506156,""invalid_context"":false,""spelling"":false,""invalid_choices"":false,""inappropriate_question"":false,""invalid_category"":false,""other"":false,""remark"":""barbers,\nbarbers,\nheart surgery,\nkeratotomy.""}",2024-07-17 09:03:34,2024-07-17 09:03:34
85,"""You probably think this song is about you""",Carly Simon,Carly Simon,(Rod) Stewart,(Rod) Stewart,Ed Sheeran,THINK MUSIC,11,"{""question_id"":596718,""invalid_context"":false,""spelling"":false,""invalid_choices"":false,""inappropriate_question"":false,""invalid_category"":false,""other"":true,""remark"":""Carly Simon,\n(Rod) Stewart,\n(Rod) Stewart,\nEd Sheeran""}",2024-07-17 09:04:21,2024-07-17 09:04:21
89,It's only 6:45 P.M. here in L.A.; I still have this many minutes to call my pal in Montreal before his 11 P.M. bedtime,75,75,22-Feb,7:00 P.M.,7:00 P.M.,"WHAT, ME HURRY?",11,"{""question_id"":507808,""invalid_context"":false,""spelling"":false,""invalid_choices"":false,""inappropriate_question"":false,""invalid_category"":false,""other"":false,""remark"":""75,\n22-Feb,\n7:00 P.M.,\n7:00 P.M.,""}",2024-07-17 09:04:57,2024-07-17 09:04:57
93,You can recognize one by its leather apron & possessiveness of its pot of gold,leprechaun,leprechaun,lion,unicorn,lion,FANTASY,11,"{""question_id"":270024,""invalid_context"":false,""spelling"":false,""invalid_choices"":false,""inappropriate_question"":false,""invalid_category"":false,""other"":true,""remark"":""leprechaun,\nlion,\nunicorn,\nlion,""}",2024-07-17 09:06:27,2024-07-17 09:06:27
94,"In Britten's opera ""Albert Herring"", a young man is made this springtime ""King"" because no village girl is fit to be ""Queen""",the May King,the May King,the May King,the May King,the May King,THE CURIOUS CASE OF BENJAMIN BRITTEN,11,"{""question_id"":505552,""invalid_context"":false,""spelling"":false,""invalid_choices"":false,""inappropriate_question"":false,""invalid_category"":false,""other"":true,""remark"":""the May King,\nthe May King,\nthe May King\nthe May King,""}",2024-07-17 09:06:57,2024-07-17 09:06:57
95,"This Latin abbreviation meaning ""in the same place"" sounds like something you do on eBay",ibid,ibid,ibid,Intolerable Acts,iodine,"""I"" EXAM",11,"{""question_id"":405411,""invalid_context"":false,""spelling"":false,""invalid_choices"":false,""inappropriate_question"":false,""invalid_category"":false,""other"":true,""remark"":""ibid,\nibid,\nIntolerable Acts,\niodine.""}",2024-07-17 09:08:49,2024-07-17 09:08:49
98,It's the 3-legged support often used by a photographer,a tripod,a tripod,triathlon,a tripod,a tripod,"""TRI"" ME",11,"{""question_id"":497597,""invalid_context"":false,""spelling"":false,""invalid_choices"":false,""inappropriate_question"":false,""invalid_category"":false,""other"":true,""remark"":""a tripod,\ntriathlon,\na tripod,\na tripod""}",2024-07-17 09:09:45,2024-07-17 09:09:45
100,It's the room where Peter Pan visits the Darling children,the nursery,the nursery,master bedroom,a garage,the nursery,WHERE IN THE HOUSE?,11,"{""question_id"":681097,""invalid_context"":false,""spelling"":false,""invalid_choices"":false,""inappropriate_question"":false,""invalid_category"":false,""other"":true,""remark"":""the nursery,\nmaster bedroom,\na garage,\nthe nursery""}",2024-07-17 09:10:29,2024-07-17 09:10:29
113,"This sitcom star played Timothy Hutton's mom in ""Ordinary People""",Mary Tyler Moore,Mary Tyler Moore,Sophia Loren,Mary Tyler Moore,Sophia Loren,I WANT MY MOVIE MOMMY,11,"{""question_id"":394035,""invalid_context"":false,""spelling"":false,""invalid_choices"":true,""inappropriate_question"":false,""invalid_category"":false,""other"":false,""remark"":""Sophia Loren,\nMary Tyler Moore,\nSophia Loren""}",2024-07-17 09:16:57,2024-07-17 09:16:57
118,"He wrote ""Torch Song Trilogy"" & got torched by aliens in ""Independence Day""",Harvey Fierstein,Harvey Fierstein,the Cave Bear,Harvey Fierstein,Harvey Fierstein,JUST WRITE,11,"{""question_id"":392008,""invalid_context"":false,""spelling"":false,""invalid_choices"":true,""inappropriate_question"":false,""invalid_category"":false,""other"":false,""remark"":""the Cave Bear,\nHarvey Fierstein ,\nHarvey Fierstein""}",2024-07-17 09:18:47,2024-07-17 09:18:47
121,"1935: this all-around athlete, the first sportswoman on the box",Babe Didrikson,Babe Didrikson,Bruce Jenner,Babe Didrikson,Mary-Lou Retton,ON THE WHEATIES BOX,11,"{""question_id"":578437,""invalid_context"":false,""spelling"":false,""invalid_choices"":false,""inappropriate_question"":false,""invalid_category"":false,""other"":false,""remark"":""Bruce Jenner,\nBabe Didrikson,\nMary-Lou Retton""}",2024-07-17 09:19:05,2024-07-17 09:19:05
124,Pitcairn,United Kingdom,United Kingdom,China,the U.S.,United Kingdom,IT'S OUR ISLAND,11,"{""question_id"":372379,""invalid_context"":false,""spelling"":false,""invalid_choices"":true,""inappropriate_question"":false,""invalid_category"":false,""other"":false,""remark"":""China,\nthe U.S.,\nUnited Kingdom""}",2024-07-17 09:20:23,2024-07-17 09:20:23
126,"Look ""inside"" Santa Clara, Calif. for the HQ of this computer hardware company founded in 1968",Intel,Intel,Flag Day,a retrospective,a retrospective,THE OFFICE,11,"{""question_id"":452188,""invalid_context"":false,""spelling"":false,""invalid_choices"":true,""inappropriate_question"":false,""invalid_category"":false,""other"":false,""remark"":""Flag Day,\na retrospective,\na retrospective""}",2024-07-17 09:20:51,2024-07-17 09:20:51
138,"In 1984, comfortably or not, Lionel Richie was ""stuck"" here","""On You""","""On You""","""On The Radio""","""On You""","""Stranger On The Shore""","""ON"" & ""OFF"" SONGS",11,"{""question_id"":176424,""invalid_context"":false,""spelling"":false,""invalid_choices"":true,""inappropriate_question"":false,""invalid_category"":false,""other"":false,""remark"":""On The Radio\"" ,\n\""On Us\"",\n\""Stranger On The Shore""}",2024-07-17 09:26:02,2024-07-17 09:26:02
143,This tree is also called a buttonwood & a buttonball,a sycamore,a sycamore,Lionel Barrymore,a sycamore,Lionel Barrymore,"GIVE ME ""MORE""",11,"{""question_id"":441079,""invalid_context"":false,""spelling"":false,""invalid_choices"":true,""inappropriate_question"":false,""invalid_category"":false,""other"":false,""remark"":""Lionel Barrymore,\na sycamores,\nLionel Barrymore""}",2024-07-17 09:28:41,2024-07-17 09:28:41
146,"Put this letter on ""ice"" & you get gaming material that may be loaded",D (dice),D (dice),D (dice),V (vice),V (vice),ON ICE,11,"{""question_id"":328709,""invalid_context"":false,""spelling"":false,""invalid_choices"":true,""inappropriate_question"":false,""invalid_category"":false,""other"":false,""remark"":""D (dice)\nV (vice)\nV (vice)""}",2024-07-17 09:29:07,2024-07-17 09:29:07
151,The prefix in this term tells you it's a course you have to take before you can take a more advanced one,a prerequisite,a prerequisite,Classics,Classics,a prerequisite,COLLEGE EDUCATION,11,"{""question_id"":472886,""invalid_context"":false,""spelling"":false,""invalid_choices"":false,""inappropriate_question"":false,""invalid_category"":false,""other"":false,""remark"":""Classical,\nClassics,\na prerequisite""}",2024-07-17 09:30:02,2024-07-17 09:30:02
154,This pair of Englishmen drew the line between 1763 & 1767,Mason & Dixon,Mason & Dixon,Masters & Johnson,Mason & Dixon,Lewis & Clark,DUOS,11,"{""question_id"":460803,""invalid_context"":false,""spelling"":false,""invalid_choices"":true,""inappropriate_question"":false,""invalid_category"":false,""other"":false,""remark"":""Masters & Johnson\nMason& Clark\nLewis & Clark""}",2024-07-17 09:30:54,2024-07-17 09:30:54
156,"It precedes ""down"" when folks are asking you to chill out; it came after ""Dead"" in a Nicole Kidman pic",Calm,Calm,composed,composed,Armistice Day,"PEACEFUL, EASY FEELING",11,"{""question_id"":526723,""invalid_context"":false,""spelling"":false,""invalid_choices"":true,""inappropriate_question"":false,""invalid_category"":false,""other"":false,""remark"":""composed,\ncomposure,\nArmistice Day""}",2024-07-17 09:31:50,2024-07-17 09:31:50
157,1895: George Selden receives the first U.S. patent for one of these conveyances,a car,a car,McClellan,a car,Susan B. Anthony,IT HAPPENED ON NOVEMBER 5,11,"{""question_id"":525950,""invalid_context"":false,""spelling"":false,""invalid_choices"":true,""inappropriate_question"":false,""invalid_category"":false,""other"":false,""remark"":""McClellan,\nA motorbike, \nSusan B. Anthony,""}",2024-07-17 09:32:41,2024-07-17 09:32:41
158,"(Sarah of the Clue Crew) When your campfire is over, you should do this to it, preferably with water",douse,douse,grouse,douse,House,RHYMES WITH MOUSE,11,"{""question_id"":411512,""invalid_context"":false,""spelling"":false,""invalid_choices"":true,""inappropriate_question"":false,""invalid_category"":false,""other"":false,""remark"":""grouse,\ngoose,\nHouse""}",2024-07-17 09:37:09,2024-07-17 09:37:09
159,"Founded by Cyrus the Great, this empire conquered parts of Asia, Africa & Europe",the Persian Empire,the Persian Empire,the Byzantine Empire,the Persian Empire,the Byzantine Empire,EMPIRE,11,"{""question_id"":577694,""invalid_context"":false,""spelling"":false,""invalid_choices"":true,""inappropriate_question"":false,""invalid_category"":false,""other"":false,""remark"":""the Russian Empire,\nthe Peru Empire,\nthe Byzantine Empire""}",2024-07-17 09:38:52,2024-07-17 09:38:52
163,"Credits on 1935's ""The Informer"" include Francis Ford as Flynn & this director, Francis' brother",John Ford,John Ford,John Ford,Keystone Cops,Phil Silvers,FORDS ON FILM,11,"{""question_id"":381708,""invalid_context"":false,""spelling"":false,""invalid_choices"":true,""inappropriate_question"":false,""invalid_category"":false,""other"":false,""remark"":""John Washington,\nKeystone Cops,\nPhil Silvers,""}",2024-07-17 09:52:22,2024-07-17 09:52:22
165,"Grow your own pet gnome, or at least its beard, with one of these planter kits from Joseph Enterprises",Chia Pets,Chia Pets,(Upton) Sinclair,(Upton) Sinclair,rubbing noses,"GNOME, SWEET GNOME",11,"{""question_id"":568477,""invalid_context"":false,""spelling"":false,""invalid_choices"":true,""inappropriate_question"":false,""invalid_category"":false,""other"":false,""remark"":""(Walton) Sinclair,\n(Upton) Sinclair,\nrubbing noses.""}",2024-07-17 09:52:51,2024-07-17 09:52:51
166,The I-Pace electric SUV from this British automaker purrs like a kitten,Jaguar,Jaguar,Tesla,Tesla,carbon,"DUDE, HERE'S YOUR CAR",11,"{""question_id"":687272,""invalid_context"":false,""spelling"":false,""invalid_choices"":true,""inappropriate_question"":false,""invalid_category"":false,""other"":false,""remark"":""Mazda,\nTesla,\ncarbon,""}",2024-07-17 09:53:24,2024-07-17 09:53:24
167,"""Johnny's Mambo"" & ""(I've Had) The Time Of My Life""",Dirty Dancing,Dirty Dancing,Dirty Dancing,Dirty Dancing,Dirty Dancing,SONGS IN MUSICALS,11,"{""question_id"":533675,""invalid_context"":false,""spelling"":false,""invalid_choices"":true,""inappropriate_question"":false,""invalid_category"":false,""other"":false,""remark"":""Break Dancing\nWitty Dancing\nJolly Dancing""}",2024-07-17 09:55:01,2024-07-17 09:55:01
168,"On Music Row, see where Elvis, Dolly Parton & Charley Pride all recorded in Studio B of this ""initial"" record label",RCA,RCA,Cornelius Vanderbilt,Cornelius Vanderbilt,the Grand Ole Opry,WELCOME TO NASHVILLE,11,"{""question_id"":573324,""invalid_context"":false,""spelling"":false,""invalid_choices"":true,""inappropriate_question"":false,""invalid_category"":false,""other"":false,""remark"":""Corynelius Vanderbilt,\nCornelius Vanderbilt,\nthe Grand Ole Opry,""}",2024-07-17 09:56:00,2024-07-17 09:56:00
169,According to Twain this breeds children as well as contempt,familiarity,familiarity,a frog,"""greatly exaggerated""",a frog,MARK TWAIN QUOTES,11,"{""question_id"":232584,""invalid_context"":false,""spelling"":false,""invalid_choices"":true,""inappropriate_question"":false,""invalid_category"":false,""other"":false,""remark"":""A Toad,\n\""greatly exaggerated\"",\na frog""}",2024-07-17 09:56:51,2024-07-17 09:56:51
